lineage	mutation	not_all
Alpha	S:N501Y	N
Alpha	S:A570D	N
Alpha	S:D614G	N
Alpha	S:P681H	N
Alpha	S:T716I	N
Alpha	S:S982A	N
Alpha	S:E484K	Y
Alpha	S:S494P	Y
Alpha	S:D1118H	N
Alpha	S:K1191N	Y
Beta	S:D80A	N
Beta	S:D215G	N
Beta	S:E241*	N
Beta	S:L242*	N
Beta	S:A243*	N
Beta	S:K417N	N
Beta	S:E484K	N
Beta	S:N501Y	N
Beta	S:D614G	N
Beta	S:A701V	N
Gamma	S:L18F	N
Gamma	S:T20N	N
Gamma	S:P26S	N
Gamma	S:D138Y	N
Gamma	S:R190S	N
Gamma	S:K417T	N
Gamma	S:E484K	N
Gamma	S:N501Y	N
Gamma	S:D614G	N
Gamma	S:H655Y	N
Gamma	S:T1027I	N
Gamma	S:V1176F	N
Delta	S:T19R	N
Delta	S:V70F	Y
Delta	S:T95I	N
Delta	S:G142D	Y
Delta	S:E156*	Y
Delta	S:F157*	Y
Delta	S:R158G	N
Delta	S:A222V	Y
Delta	S:W258L	Y
Delta	S:K417N	Y
Delta	S:L452R	N
Delta	S:T478K	N
Delta	S:D614G	N
Delta	S:P681R	N
Delta	S:D950N	N
Iota	S:T95I	N
Iota	S:S477N	Y
Iota	S:E484K	Y
Iota	S:D253G	N
Iota	S:D614G	N
Iota	S:A701V	N
Eta	S:A67V	N
Eta	S:E484K	N
Eta	S:D614G	N
Eta	S:Q677H	N
Eta	S:F888L	N
Zeta	S:D614G	N
Zeta	S:E484K	N
Zeta	S:V1176F	N
Kappa	S:T19R	N
Kappa	S:G142D	Y
Kappa	S:R158G	N
Kappa	S:L452R	N
Kappa	S:T478K	N
Kappa	S:D614G	N
Kappa	S:P681R	N
Kappa	S:D950N	N
Lambda	S:G75V	N
Lambda	S:F490S	N
Lambda	S:T859N	N
Lambda	S:D253N	N
Lambda	S:D614G	N
Lambda	S:L452Q	N
Lambda	S:T762I	N
Mu	S:T95I	N
Mu	S:Y145N	N
Mu	S:R346K	N
Mu	S:E484K	N
Mu	S:N501Y	N
Mu	S:D614G	N
Mu	S:P681H	N
Mu	S:D950N	N
Omicron	S:A67V	N
Omicron	S:T95I	N
Omicron	S:G339D	N
Omicron	S:S371L	N
Omicron	S:S373P	N
Omicron	S:S375F	N
Omicron	S:K417N	N
Omicron	S:N440K	N
Omicron	S:G446S	N
Omicron	S:S477N	N
Omicron	S:T478K	N
Omicron	S:E484A	N
Omicron	S:Q493R	N
Omicron	S:G496S	N
Omicron	S:Q498R	N
Omicron	S:N501Y	N
Omicron	S:Y505H	N
Omicron	S:T547K	N
Omicron	S:D614G	N
Omicron	S:H655Y	N
Omicron	S:N679K	N
Omicron	S:P681H	N
Omicron	S:N764K	N
Omicron	S:D796Y	N
Omicron	S:N856K	N
Omicron	S:Q954H	N
Omicron	S:N969K	N
Omicron	S:L981F	N
